feature,weight
Intercept,1054012.9995206571
Holiday_Flag,715.5279583723562
Temperature,54047.853562221906
Fuel_Price,16349.899535217182
CPI,191195.0503531194
Unemployment,-48304.92883077007
Year,-34486.37394396605
Week_sin,108316.94250137066
Week_cos,107655.65102972013
Store_2,419424.67791029223
Store_3,-1154240.6604885536
Store_4,925557.5710701542
Store_5,-1239922.104855013
Store_6,15584.623726093234
Store_7,-742292.7946902049
Store_8,-653614.2596886195
Store_9,-1036297.6506651398
Store_10,825357.7432232298
Store_11,-208659.50146626026
Store_12,49733.845987075234
Store_13,908476.0904813679
Store_14,782674.8231163337
Store_15,-440075.9170133342
Store_16,-850489.4094424767
Store_17,-190973.53591373432
Store_18,44820.34205226464
Store_19,382885.93174271856
Store_20,626752.4137779451
Store_21,-733795.8973536202
Store_22,-63433.57555831889
Store_23,233255.75374581333
Store_24,280342.4865102102
Store_25,-741037.4397365642
Store_26,-49490.50179501935
Store_27,700362.5541334866
Store_28,385882.16410472244
Store_29,-481236.35203245044
Store_30,-1060523.083824208
Store_31,-121976.88182420765
Store_32,-186764.31747442044
Store_33,-824646.5186430144
Store_34,-47080.16024141581
Store_35,-116714.2221605164
Store_36,-1078616.2318740166
Store_37,-980558.9757542887
Store_38,-584664.8411893953
Store_39,-120010.7586117626
Store_40,-180112.37205624703
Store_41,-143979.76852336215
Store_42,-535559.0638355929
Store_43,-771439.9429304472
Store_44,-766237.0006722809
Store_45,-536131.2110013127
Month_2,74317.90154308768
Month_3,17361.092419228447
Month_4,78477.20243034727
Month_5,168609.06161609103
Month_6,283115.05101945007
Month_7,318854.17483014445
Month_8,367133.3586754352
Month_9,310230.3858715545
Month_10,224562.98107484434
Month_11,305222.6596885931
Month_12,375217.3833460944
