epoch,train_mse_scaled,validation_mse_scaled
1.0,0.9686932453781703,1.1342695862654915
11.0,0.8045346855757813,0.9704260819276275
21.0,0.6812862297711603,0.8524318082725238
31.0,0.5803116702118829,0.7547132272455986
41.0,0.496815106609014,0.6723127346215054
51.0,0.42747491495368733,0.6023471893685182
61.0,0.36976281200571737,0.5428040231984007
71.0,0.32166647839184137,0.4920827022452297
81.0,0.2815497862385756,0.44884211745057845
91.0,0.2480681729617496,0.41194230220164224
101.0,0.22011029067714313,0.3804130650885862
111.0,0.19675449013497687,0.35343050940409193
121.0,0.177234886441874,0.33029668620902897
131.0,0.1609142117067619,0.31042145381903535
141.0,0.14726176657624218,0.29330644198669453
151.0,0.13583534660865998,0.2785310780894284
161.0,0.12626634030881728,0.2657405552296795
171.0,0.11824739593417367,0.2546355604488266
181.0,0.11152218896400863,0.2449635553062603
191.0,0.10587691833795831,0.2365114012293466
201.0,0.10113323140338053,0.22909913655600464
211.0,0.09714233293514422,0.22257473287970245
221.0,0.09378007737215228,0.21680968042945148
231.0,0.09094287857253067,0.2116952733635097
241.0,0.08854429994647435,0.20713948497455217
251.0,0.08651221120494959,0.2030643395742414
261.0,0.08478641720722196,0.1994037022836912
271.0,0.0833166802917913,0.19610142029812247
281.0,0.08206107064946827,0.19310975966773156
291.0,0.08098459023235859,0.19038809049477937
301.0,0.08005802478118958,0.18790178092312676
311.0,0.0792569861147984,0.1856212665985195
321.0,0.07856111312079192,0.18352126758596737
331.0,0.07795340513014339,0.18158012919881367
341.0,0.07741966572810723,0.17977926695378352
351.0,0.07694803869608074,0.17810269902865355
361.0,0.07652862081566196,0.17653665225824708
371.0,0.0761531387982651,0.17506922993967716
381.0,0.07581467971534839,0.17369013159618324
391.0,0.07550746606555553,0.1723904164270931
401.0,0.07522666808414681,0.1711623034970729
411.0,0.07496824712553207,0.16999900283109193
421.0,0.0747288249719752,0.16889457251627782
431.0,0.0745055747743333,0.16784379769657123
441.0,0.07429613004213818,0.16684208800479924
451.0,0.07409850869386521,0.16588539052965984
461.0,0.07391104967341523,0.16497011587910934
471.0,0.07373236005196541,0.16409307529104952
481.0,0.07356127087902235,0.16325142706900508
491.0,0.07339680033408429,0.16244263089473507
501.0,0.07323812297024931,0.16166440879990052
511.0,0.07308454404128836,0.1609147117721045
521.0,0.07293547807072293,0.16019169113280038
531.0,0.07279043096080101,0.1594936739607217
541.0,0.07264898505553452,0.15881914194882563
551.0,0.07251078666897326,0.15816671317877248
561.0,0.0723755356708322,0.15753512637764708
571.0,0.07224297678912642,0.1569232272894284
581.0,0.07211289234581666,0.15632995685071632
591.0,0.07198509618848807,0.15575434090816184
601.0,0.07185942862031404,0.15519548125537844
611.0,0.07173575216329241,0.15465254780106846
621.0,0.07161394801705308,0.15412477170868807
631.0,0.07149391309832752,0.1536114393720769
641.0,0.07137555756518607,0.15311188711179524
651.0,0.07125880274601709,0.15262549649406185
661.0,0.07114357940646249,0.1521516901886661
671.0,0.07102982629857148,0.1516899282944661
681.0,0.07091748894565478,0.15123970507144058
691.0,0.0708065186240132,0.15080054602702891
701.0,0.0706968715091349,0.1503720053119238
711.0,0.0705885079593119,0.14995366338679011
721.0,0.07048139191409691,0.14954512492673952
731.0,0.07037549038875214,0.14914601693494803
741.0,0.07027077304895446,0.14875598704068577
751.0,0.07016721185261988,0.148374701960342
761.0,0.07006478074787802,0.14800184610285314
771.0,0.06996345541803671,0.1476371203033654
781.0,0.069863213065888,0.14728024067103745
791.0,0.06976403223096597,0.14693093753866804
801.0,0.06966589263442002,0.1465889545033663
811.0,0.06956877504704467,0.1462540475488023
821.0,0.06947266117674045,0.14592598424071465
831.0,0.06937753357229218,0.1456045429883358
841.0,0.06928337554086161,0.14528951236525442
851.0,0.06919017107701818,0.14498069048396967
861.0,0.06909790480148749,0.14467788441904506
871.0,0.0690065619080947,0.14438090967432787
881.0,0.06891612811762819,0.14408958969019428
891.0,0.0688265896375559,0.1438037553872133
901.0,0.06873793312670082,0.14352324474299924
911.0,0.0686501456641257,0.14324790239935703
921.0,0.06856321472159906,0.14297757929711818
931.0,0.06847712813911477,0.1427121323363266
941.0,0.06839187410302218,0.14245142405966052
951.0,0.06830744112639453,0.14219532235718468
961.0,0.06822381803132249,0.14194370019070515
971.0,0.06814099393286845,0.14169643533616422
981.0,0.06805895822445916,0.14145341014265433
991.0,0.06797770056452879,0.14121451130676183
1001.0,0.06789721086425295,0.14097962966106517
1011.0,0.06781747927623923,0.140748659975718
1021.0,0.0677384961840596,0.1405215007721395
1031.0,0.06766025219252705,0.14029805414791965
1041.0,0.06758273811863394,0.14007822561212335
1051.0,0.0675059449830804,0.13986192393024416
1061.0,0.06742986400233197,0.1396490609781237
1071.0,0.06735448658115462,0.139439551604206
1081.0,0.0672798043055809,0.13923331349954934
1091.0,0.06720580893626887,0.1390302670750627
1101.0,0.06713249240221926,0.13883033534547937
1111.0,0.06705984679482133,0.13863344381961423
1121.0,0.06698786436220114,0.1384395203964904
1131.0,0.06691653750384942,0.13824849526695032
1141.0,0.06684585876550864,0.13806030082039725
1151.0,0.06677582083430124,0.13787487155633882
1161.0,0.06670641653408282,0.13769214400042912
1171.0,0.0666376388210061,0.13751205662472854
1181.0,0.06656948077928206,0.13733454977192036
1191.0,0.06650193561712725,0.13715956558324335
1201.0,0.0664349966628859,0.13698704792991534
1211.0,0.06636865736131721,0.13681694234783937
1221.0,0.06630291127003901,0.1366491959753998
1231.0,0.06623775205611941,0.1364837574941668
1241.0,0.06617317349280877,0.13632057707234288
1251.0,0.06610916945640492,0.13615960631079366
1261.0,0.06604573392324513,0.13600079819151897
1271.0,0.0659828609668186,0.13584410702842653
1281.0,0.06592054475499383,0.13568948842028306
1291.0,0.0658587795473553,0.13553689920572273
1301.0,0.06579755969264459,0.13538629742020325
1311.0,0.06573687962630102,0.13523764225480508
1321.0,0.06567673386809751,0.13509089401677726
1331.0,0.06561711701986708,0.13494601409173854
1341.0,0.06555802376331644,0.13480296490744864
1351.0,0.06549944885792224,0.13466170989906998
1361.0,0.06544138713890701,0.1345222134758437
1371.0,0.0653838335152908,0.13438444098911098
1381.0,0.0653267829680157,0.1342483587016122
1391.0,0.0652702305481397,0.13411393375800182
1401.0,0.06521417137509729,0.1339811341565207
1411.0,0.06515860063502381,0.1338499287217697
1421.0,0.06510351357914083,0.1337202870785338
1431.0,0.06504890552220004,0.13359217962660594
1441.0,0.06499477184098318,0.13346557751656554
1451.0,0.06494110797285582,0.13334045262646754
1461.0,0.06488790941437239,0.1332167775394005
1471.0,0.06483517171993065,0.1330945255218741
1481.0,0.06478289050047362,0.13297367050300046
1491.0,0.06473106142223645,0.13285418705443344
1501.0,0.0646796802055373,0.13273605037103178
1511.0,0.06462874262360943,0.1326192362522172
1521.0,0.06457824450147352,0.13250372108399522
1531.0,0.06452818171484828,0.13238948182161164
1541.0,0.06447855018909797,0.13227649597281804
1551.0,0.06442934589821496,0.13216474158172012
1561.0,0.06438056486383635,0.13205419721318548
1571.0,0.0643322031542931,0.1319448419377872
1581.0,0.0642842568836901,0.13183665531726177
1591.0,0.06423672221101652,0.13172961739046068
1601.0,0.0641895953392846,0.13162370865977543
1611.0,0.06414287251469612,0.13151891007801741
1621.0,0.06409655002583534,0.13141520303573478
1631.0,0.06405062420288736,0.13131256934894903
1641.0,0.0640050914168809,0.13121099124729496
1651.0,0.06395994807895447,0.13111045136254867
1661.0,0.0639151906396451,0.1310109327175283
1671.0,0.06387081558819864,0.13091241871535386
1681.0,0.06382681945190105,0.13081489312905198
1691.0,0.06378319879542926,0.1307183400914936
1701.0,0.06373995022022164,0.13062274408565072
1711.0,0.06369707036386657,0.13052808993516188
1721.0,0.06365455589950897,0.1304343627951942
1731.0,0.06361240353527374,0.13034154814359125
1741.0,0.0635706100137057,0.1302496317722966
1751.0,0.06352917211122504,0.13015859977904282
1761.0,0.06348808663759828,0.13006843855929656
1771.0,0.06344735043542343,0.1299791347984508
1781.0,0.06340696037962953,0.129890675464255
1791.0,0.06336691337698933,0.1298030477994751
1801.0,0.06332720636564532,0.12971623931477558
1811.0,0.06328783631464781,0.12963023778181512
1821.0,0.0632488002235056,0.12954503122654934
1831.0,0.06321009512174768,0.12946060792273265
1841.0,0.0631717180684964,0.12937695638561308
1851.0,0.06313366615205142,0.12929406536581314
1861.0,0.06309593648948375,0.12921192384339056
1871.0,0.06305852622624004,0.12913052102207256
1881.0,0.06302143253575627,0.12904984632365848
1891.0,0.0629846526190809,0.12896988938258444
1901.0,0.06294818370450671,0.12889064004064504
1911.0,0.0629120230472115,0.12881208834186691
1921.0,0.06287616792890695,0.1287342245275289
1931.0,0.06284061565749552,0.12865703903132433
1941.0,0.06280536356673509,0.128580522474661
1951.0,0.06277040901591108,0.1285046656620933
1961.0,0.0627357493895157,0.1284294595768837
1971.0,0.06270138209693436,0.1283548953766887
1981.0,0.06266730457213845,0.1282809643893647
1991.0,0.06263351427338498,0.1282076581088915
2001.0,0.06260000868292223,0.12813496819140793
2011.0,0.06256678530670153,0.12806288645135783
2021.0,0.06253384167409501,0.12799140485774121
2031.0,0.06250117533761886,0.1279205155304689
2041.0,0.06246878387266216,0.12785021073681607
2051.0,0.06243666487722093,0.12778048288797286
2061.0,0.06240481597163738,0.1277113245356878
2071.0,0.06237323479834417,0.1276427283690023
2081.0,0.062341919021613325,0.12757468721107323
2091.0,0.062310866327309915,0.12750719401607985
2101.0,0.06228007442265024,0.12744024186621405
2111.0,0.062249541035964355,0.12737382396875044
2121.0,0.062219263916462826,0.12730793365319423
2131.0,0.06218924083400763,0.12724256436850415
2141.0,0.06215946957888699,0.12717770968038905
2151.0,0.0621299479615941,0.12711336326867495
2161.0,0.06210067381260959,0.12704951892474114
2171.0,0.062071644982187694,0.12698617054902323
2181.0,0.0620428593401458,0.1269233121485808
2191.0,0.06201431477565753,0.12686093783472804
2201.0,0.06198600919704929,0.126799041820726
2211.0,0.06195794053159969,0.1267376184195333
2221.0,0.06193010672534252,0.12667666204161543
2231.0,0.061902505742872524,0.12661616719280924
2241.0,0.06187513556715424,0.1265561284722424
2251.0,0.061847994199333775,0.12649654057030532
2261.0,0.06182107965855331,0.12643739826667433
2271.0,0.06179438998176838,0.1263786964283852
2281.0,0.06176792322356796,0.12632043000795443
2291.0,0.061741677455996916,0.126262594041548
2301.0,0.06171565076838116,0.12620518364719602
2311.0,0.06168984126715529,0.12614819402305136
2321.0,0.06166424707569256,0.12609162044569203
2331.0,0.06163886633413718,0.1260354582684651
2341.0,0.06161369719923903,0.125979702919872
2351.0,0.06158873784419059,0.12592434990199308
2361.0,0.06156398645846592,0.12586939478895093
2371.0,0.06153944124766192,0.12581483322541157
2381.0,0.06151510043334168,0.12576066092512184
2391.0,0.06149096225287968,0.12570687366948238
2401.0,0.06146702495930931,0.12565346730615545
2411.0,0.06144328682117197,0.12560043774770605
2421.0,0.06141974612236838,0.12554778097027594
2431.0,0.06139640116201153,0.1254954930122897
2441.0,0.061373250254281655,0.1254435699731914
2451.0,0.061350291728282734,0.12539200801221173
2461.0,0.06132752392790106,0.12534080334716435
2471.0,0.06130494521166522,0.12528995225327103
2481.0,0.06128255395260795,0.12523945106201415
2491.0,0.06126034853812953,0.12518929616001684
2501.0,0.06123832736986285,0.12513948398794927
2511.0,0.06121648886353997,0.1250900110394603
2521.0,0.06119483144886033,0.12504087386013474
2531.0,0.06117335356936044,0.12499206904647445
2541.0,0.061152053682285,0.12494359324490352
2551.0,0.061130930258459504,0.12489544315079609
2561.0,0.061109981782164424,0.12484761550752727
2571.0,0.06108920675101054,0.12480010710554545
2581.0,0.061068603675815875,0.1247529147814662
2591.0,0.06104817108048391,0.1247060354171871
2601.0,0.061027907501883034,0.12465946593902245
2611.0,0.06100781148972754,0.12461320331685816
2621.0,0.06098788160645967,0.12456724456332548
2631.0,0.06096811642713306,0.12452158673299395
2641.0,0.060948514539297415,0.12447622692158218
2651.0,0.060929074542884314,0.12443116226518665
2661.0,0.060909795050094466,0.12438638993952801
2671.0,0.06089067468528579,0.12434190715921392
2681.0,0.06087171208486304,0.12429771117701889
2691.0,0.06085290589716824,0.12425379928317982
2701.0,0.06083425478237257,0.1242101688047074
2711.0,0.06081575741236907,0.1241668171047127
2721.0,0.06079741247066665,0.12412374158174873
2731.0,0.06077921865228514,0.12408093966916686
2741.0,0.06076117466365128,0.1240384088344867
2751.0,0.06074327922249599,0.12399614657878057
2761.0,0.06072553105775241,0.1239541504360708
2771.0,0.06070792890945518,0.12391241797274084
2781.0,0.0606904715286406,0.12387094678695883
2791.0,0.060673157677247846,0.12382973450811358
2801.0,0.060655986128021144,0.12378877879626309
2811.0,0.06063895566441284,0.12374807734159486
2821.0,0.060622065080487585,0.12370762786389768
2831.0,0.06060531318082724,0.12366742811204508
2841.0,0.06058869878043699,0.12362747586348961
2851.0,0.06057222070465206,0.12358776892376787
2861.0,0.06055587778904556,0.12354830512601649
2871.0,0.060539668879337094,0.12350908233049783
2881.0,0.060523592831302375,0.12347009842413623
2891.0,0.06050764851068359,0.12343135132006387
2901.0,0.06049183479310067,0.12339283895717593
2911.0,0.06047615056396338,0.12335455929969573
2921.0,0.060460594718384345,0.12331651033674823
2931.0,0.06044516616109274,0.12327869008194327
2941.0,0.06042986380634895,0.12324109657296661
2951.0,0.060414686577859956,0.12320372787118018
2961.0,0.0603996334086955,0.12316658206123031
2971.0,0.06038470324120516,0.12312965725066398
2981.0,0.06036989502693597,0.12309295156955322
2991.0,0.06035520772655117,0.12305646317012695
3001.0,0.060340640309749276,0.12302019022641068
3011.0,0.0603261917551843,0.12298413093387327
3021.0,0.06031186105038645,0.12294828350908103
3031.0,0.06029764719168373,0.12291264618935878
3041.0,0.06028354918412413,0.12287721723245781
3051.0,0.06026956604139866,0.12284199491623078
3061.0,0.060255696785765006,0.12280697753831255
3071.0,0.06024194044797194,0.12277216341580802
3081.0,0.06022829606718438,0.122737550884986
3091.0,0.06021476269090921,0.1227031383009791
3101.0,0.06020133937492171,0.12266892403748966
3111.0,0.06018802518319268,0.12263490648650154
3121.0,0.060174819187816274,0.12260108405799766
3131.0,0.06016172046893844,0.12256745517968277
3141.0,0.060148728114685995,0.12253401829671225
3151.0,0.06013584122109643,0.12250077187142569
3161.0,0.060123058892048324,0.12246771438308598
3171.0,0.060110380239192275,0.12243484432762322
3181.0,0.060097804381882676,0.122402160217384
3191.0,0.06008533044710989,0.122369660580885
3201.0,0.060072957569433184,0.12233734396257193
3211.0,0.06006068489091426,0.12230520892258245
3221.0,0.06004851156105124,0.12227325403651437
3231.0,0.06003643673671348,0.1222414778951975
3241.0,0.06002445958207679,0.12220987910447063
3251.0,0.06001257926855923,0.12217845628496193
3261.0,0.06000079497475772,0.12214720807187429
3271.0,0.059989105886384876,0.12211613311477408
3281.0,0.05997751119620672,0.12208523007738421
3291.0,0.059966010103980706,0.12205449763738105
3301.0,0.05995460181639449,0.12202393448619503
3311.0,0.059943285547005155,0.12199353932881499
3321.0,0.059932060516178984,0.12196331088359619
3331.0,0.05992092595103175,0.1219332478820718
3341.0,0.0599098810853697,0.12190334906876794
3351.0,0.059898925159630786,0.12187361320102219
3361.0,0.05988805742082668,0.12184403904880511
3371.0,0.05987727712248514,0.12181462539454543
3381.0,0.05986658352459301,0.12178537103295788
3391.0,0.05985597589353963,0.12175627477087482
3401.0,0.05984545350206079,0.12172733542708049
3411.0,0.059835015629183225,0.12169855183214802
3421.0,0.0598246615601695,0.12166992282828
3431.0,0.05981439058646351,0.12164144726915124
3441.0,0.059804202005636346,0.1216131240197547
3451.0,0.059794095121332734,0.12158495195625028
3461.0,0.059784069243217934,0.1215569299658158
3471.0,0.05977412368692501,0.12152905694650099
3481.0,0.05976425777400272,0.12150133180708392
3491.0,0.05975447083186376,0.12147375346693008
3501.0,0.05974476219373354,0.12144632085585341
3511.0,0.05973513119859935,0.12141903291398054
3521.0,0.05972557719115996,0.12139188859161669
3531.0,0.0597160995217758,0.12136488684911409
3541.0,0.059706697546419385,0.12133802665674301
3551.0,0.05969737062662642,0.1213113069945643
3561.0,0.05968811812944703,0.12128472685230478
3571.0,0.05967893942739774,0.12125828522923424
3581.0,0.059669833898413634,0.12123198113404496
3591.0,0.059660800925801095,0.12120581358473277
3601.0,0.05965183989819084,0.12117978160848052
3611.0,0.0596429502094915,0.12115388424154336
3621.0,0.0596341312588435,0.12112812052913575
3631.0,0.059625382450573354,0.12110248952532063
3641.0,0.05961670319414847,0.1210769902929003
3651.0,0.05960809290413221,0.12105162190330904
3661.0,0.059599551000139465,0.12102638343650753
3671.0,0.05959107690679253,0.121001273980879
3681.0,0.05958267005367744,0.12097629263312708
3691.0,0.059574329875300654,0.12095143849817536
3701.0,0.05956605581104611,0.12092671068906835
3711.0,0.05955784730513267,0.1209021083268744
3721.0,0.05954970380657196,0.12087763054058964
3731.0,0.05954162476912662,0.12085327646704425
3741.0,0.0595336096512687,0.12082904525080913
3751.0,0.05952565791613882,0.12080493604410528
3761.0,0.05951776903150522,0.12078094800671345
3771.0,0.059509942469723597,0.12075708030588612
3781.0,0.05950217770769701,0.12073333211626032
3791.0,0.05949447422683624,0.12070970261977192
3801.0,0.059486831513020505,0.12068619100557139
3811.0,0.05947924905655856,0.12066279646994074
3821.0,0.05947172635214996,0.12063951821621165
3831.0,0.059464262898846904,0.12061635545468513
3841.0,0.059456858200016255,0.12059330740255213
3851.0,0.05944951176330192,0.12057037328381558
3861.0,0.05944222310058763,0.12054755232921333
3871.0,0.05943499172795995,0.12052484377614242
3881.0,0.05942781716567166,0.12050224686858474
3891.0,0.05942069893810548,0.12047976085703326
3901.0,0.059413636573738104,0.12045738499841968
3911.0,0.05940662960510447,0.12043511855604334
3921.0,0.05939967756876246,0.12041296079950063
3931.0,0.05939278000525786,0.12039091100461595
3941.0,0.059385936459089614,0.1203689684533735
3951.0,0.0593791464786754,0.12034713243384994
3961.0,0.05937240961631747,0.12032540224014825
3971.0,0.05936572542816884,0.12030377717233232
3981.0,0.059359093474199855,0.12028225653636275
3991.0,0.059352513318164754,0.12026083964403333
4001.0,0.05934598452756891,0.1202395258129085
4011.0,0.05933950667363606,0.12021831436626175
4021.0,0.05933307933127599,0.1201972046330148
4031.0,0.05932670207905244,0.12017619594767778
4041.0,0.05932037449915125,0.1201552876502901
4051.0,0.059314096177348896,0.12013447908636234
4061.0,0.059307866702981236,0.12011376960681855
4071.0,0.059301685668912446,0.12009315856793991
4081.0,0.05929555267150447,0.12007264533130872
4091.0,0.059289467310586395,0.12005222926375342
4101.0,0.05928342918942447,0.12003190973729398
4111.0,0.059277437914692026,0.12001168612908876
4121.0,0.05927149309643998,0.11999155782138135
4131.0,0.05926559434806735,0.11997152420144844
4141.0,0.05925974128629217,0.11995158466154852
4151.0,0.059253933531122606,0.11993173859887106
4161.0,0.05924817070582839,0.11991198541548632
4171.0,0.05924245243691232,0.1198923245182961
4181.0,0.0592367783540823,0.11987275531898492
4191.0,0.05923114809022334,0.11985327723397195
4201.0,0.05922556128136999,0.11983388968436348
4211.0,0.05922001756667896,0.11981459209590616
4221.0,0.05921451658840193,0.11979538389894051
4231.0,0.05920905799185865,0.1197762645283557
4241.0,0.05920364142541029,0.11975723342354402
4251.0,0.05919826654043297,0.11973829002835677
4261.0,0.059192932991291566,0.11971943379106008
4271.0,0.05918764043531374,0.11970066416429188
4281.0,0.05918238853276414,0.1196819806050188
4291.0,0.05917717694681891,0.11966338257449409
4301.0,0.059172005343540376,0.1196448695382158
4311.0,0.05916687339185199,0.11962644096588584
4321.0,0.05916178076351339,0.11960809633136887
4331.0,0.059156727133095846,0.11958983511265252
4341.0,0.05915171217795777,0.11957165679180747
4351.0,0.05914673557822048,0.11955356085494843
4361.0,0.05914179701674427,0.11953554679219545
4371.0,0.05913689617910456,0.11951761409763548
4381.0,0.059132032753568306,0.1194997622692848
4391.0,0.05912720643107065,0.11948199080905177
4401.0,0.05912241690519169,0.11946429922269981
4411.0,0.0591176638721336,0.11944668701981113
4421.0,0.05911294703069775,0.11942915371375067
4431.0,0.05910826608226218,0.11941169882163065
4441.0,0.05910362073075924,0.11939432186427552
4451.0,0.05909901068265339,0.1193770223661871
4461.0,0.05909443564691919,0.11935979985551042
4471.0,0.059089895335019564,0.11934265386399986
4481.0,0.059085389460884125,0.11932558392698556
4491.0,0.05908091774088782,0.11930858958334052
4501.0,0.05907647989382964,0.11929167037544772
4511.0,0.059072075640911666,0.1192748258491679
4521.0,0.05906770470571811,0.11925805555380764
4531.0,0.059063366814194676,0.11924135904208769
4541.0,0.05905906169462814,0.1192247358701119
4551.0,0.059054789077625874,0.1192081855973362
4561.0,0.05905054869609587,0.1191917077865383
4571.0,0.05904634028522666,0.11917530200378737
4581.0,0.05904216358246757,0.11915896781841426
4591.0,0.05903801832750915,0.11914270480298213
4601.0,0.05903390426226362,0.11912651253325711
4611.0,0.059029821130845726,0.11911039058817977
4621.0,0.05902576867955352,0.11909433854983635
4631.0,0.05902174665684946,0.1190783560034307
4641.0,0.05901775481334167,0.11906244253725651
4651.0,0.0590137929017653,0.11904659774266951
4661.0,0.05900986067696407,0.11903082121406057
4671.0,0.05900595789587199,0.11901511254882838
4681.0,0.05900208431749527,0.11899947134735302
4691.0,0.05899823970289427,0.11898389721296951
4701.0,0.058994423815165765,0.11896838975194178
4711.0,0.058990636419425285,0.11895294857343688
4721.0,0.05898687728278957,0.11893757328949942
4731.0,0.05898314617435921,0.11892226351502623
4741.0,0.05897944286520153,0.11890701886774169
4751.0,0.05897576712833346,0.11889183896817264
4761.0,0.058972118738704705,0.1188767234396243
4771.0,0.05896849747318091,0.1188616719081558
4781.0,0.05896490311052716,0.11884668400255641
4791.0,0.05896133543139141,0.1188317593543218
4801.0,0.05895779421828828,0.1188168975976307
4811.0,0.05895427925558276,0.11880209836932165
4821.0,0.05895079032947431,0.11878736130887002
4831.0,0.058947327227980864,0.11877268605836547
4841.0,0.05894388974092313,0.11875807226248934
4851.0,0.05894047765990894,0.11874351956849251
4861.0,0.05893709077831781,0.11872902762617334
4871.0,0.05893372889128558,0.11871459608785595
4881.0,0.05893039179568917,0.11870022460836864
4891.0,0.05892707929013156,0.11868591284502261
4901.0,0.05892379117492678,0.11867166045759078
4911.0,0.05892052725208518,0.11865746710828691
4921.0,0.05891728732529865,0.11864333246174508
4931.0,0.058914071199926116,0.11862925618499885
4941.0,0.05891087868297913,0.11861523794746145
4951.0,0.05890770958310747,0.11860127742090544
4961.0,0.058904563710585056,0.11858737427944278
4971.0,0.05890144087729588,0.11857352819950545
4981.0,0.05889834089672002,0.11855973885982576
4991.0,0.05889526358391988,0.1185460059414172
5001.0,0.05889220875552647,0.11853232912755526
5011.0,0.058889176229725816,0.11851870810375867
5021.0,0.05888616582624559,0.11850514255777049
5031.0,0.058883177366341646,0.11849163217953987
5041.0,0.05888021067278493,0.11847817666120349
5051.0,0.05887726556984825,0.11846477569706745
5061.0,0.058874341883293414,0.11845142898358946
5071.0,0.05887143944035827,0.11843813621936065
5081.0,0.0588685580697439,0.11842489710508848
5091.0,0.05886569760160212,0.11841171134357877
5101.0,0.05886285786752275,0.11839857863971878
5111.0,0.05886003870052136,0.11838549870045982
5121.0,0.058857239935026756,0.11837247123480046
5131.0,0.05885446140686899,0.11835949595376964
5141.0,0.05885170295326697,0.1183465725704102
5151.0,0.058848964412816764,0.11833370079976212
5161.0,0.058846245625479396,0.11832088035884643
5171.0,0.05884354643256931,0.11830811096664907
5181.0,0.05884086667674248,0.11829539234410469
5191.0,0.05883820620198493,0.1182827242140809
5201.0,0.05883556485360122,0.11827010630136273
5211.0,0.05883294247820301,0.11825753833263666
5221.0,0.05883033892369783,0.11824502003647562
5231.0,0.05882775403927784,0.11823255114332346
5241.0,0.05882518767540879,0.11822013138548003
5251.0,0.05882263968381892,0.11820776049708605
5261.0,0.05882010991748819,0.11819543821410826
5271.0,0.058817598230637376,0.1181831642743248
5281.0,0.05881510447871734,0.11817093841731062
5291.0,0.05881262851839851,0.11815876038442301
5301.0,0.058810170207560276,0.11814662991878735
5311.0,0.058807729405280555,0.11813454676528298
5321.0,0.05880530597182551,0.11812251067052897
5331.0,0.0588028997686392,0.11811052138287043
5341.0,0.05880051065833345,0.11809857865236469
5351.0,0.05879813850467785,0.11808668223076756
5361.0,0.05879578317258966,0.11807483187151986
5371.0,0.05879344452812393,0.11806302732973405
5381.0,0.05879112243846374,0.1180512683621808
5391.0,0.05878881677191043,0.11803955472727606
5401.0,0.05878652739787395,0.11802788618506789
5411.0,0.05878425418686327,0.11801626249722338
5421.0,0.05878199701047698,0.11800468342701627
5431.0,0.05877975574139385,0.11799314873931377
5441.0,0.05877753025336352,0.11798165820056437
5451.0,0.05877532042119722,0.11797021157878512
5461.0,0.05877312612075869,0.11795880864354949
5471.0,0.05877094722895512,0.1179474491659749
5481.0,0.058768783623728046,0.11793613291871076
5491.0,0.058766635184044534,0.11792485967592642
5501.0,0.058764501789888346,0.11791362921329923
5511.0,0.05876238332225109,0.11790244130800276
5521.0,0.05876027966312362,0.11789129573869503
5531.0,0.058758190695487385,0.11788019228550696
5541.0,0.05875611630330593,0.11786913073003094
5551.0,0.058754056371516414,0.11785811085530928
5561.0,0.05875201078602121,0.11784713244582308
5571.0,0.0587499794336796,0.1178361952874809
5581.0,0.058747962202299546,0.11782529916760777
5591.0,0.05874595898062956,0.11781444387493413
5601.0,0.05874396965835053,0.11780362919958494
5611.0,0.05874199412606771,0.11779285493306889
5621.0,0.0587400322753028,0.1177821208682677
5631.0,0.05873808399848605,0.11777142679942545
5641.0,0.0587361491889484,0.11776077252213817
5651.0,0.05873422774091379,0.11775015783334315
5661.0,0.058732319549491395,0.11773958253130898
5671.0,0.05873042451066812,0.117729046415625
5681.0,0.05872854252130094,0.11771854928719128
5691.0,0.05872667347910947,0.1177080909482084
5701.0,0.05872481728266855,0.11769767120216766
5711.0,0.05872297383140087,0.11768728985384104
5721.0,0.058721143025569654,0.11767694670927144
5731.0,0.05871932476627151,0.11766664157576293
5741.0,0.05871751895542921,0.11765637426187113
5751.0,0.05871572549578456,0.11764614457739363
5761.0,0.05871394429089145,0.11763595233336041
5771.0,0.05871217524510875,0.11762579734202468
5781.0,0.058710418263593536,0.1176156794168533
5791.0,0.0587086732522941,0.11760559837251769
5801.0,0.05870694011794324,0.11759555402488468
5811.0,0.058705218768051466,0.11758554619100738
5821.0,0.05870350911090033,0.11757557468911604
5831.0,0.058701811055535874,0.11756563933860945
5841.0,0.05870012451176194,0.11755573996004577
5851.0,0.058698449390133724,0.11754587637513385
5861.0,0.0586967856019514,0.11753604840672473
5871.0,0.05869513305925354,0.11752625587880267
5881.0,0.05869349167481099,0.11751649861647684
5891.0,0.05869186136212041,0.11750677644597275
5901.0,0.05869024203539815,0.11749708919462387
5911.0,0.05868863360957398,0.11748743669086317
5921.0,0.0586870360002851,0.11747781876421504
5931.0,0.05868544912386998,0.11746823524528695
5941.0,0.058683872897362266,0.11745868596576134
5951.0,0.05868230723848501,0.11744917075838772
5961.0,0.05868075206564467,0.11743968945697435
5971.0,0.05867920729792514,0.11743024189638063
5981.0,0.0586776728550821,0.11742082791250892
5991.0,0.05867614865753718,0.11741144734229725
6001.0,0.058674634626372235,0.1174021000237109
6011.0,0.05867313068332376,0.11739278579573532
6021.0,0.05867163675077721,0.11738350449836825
6031.0,0.05867015275176145,0.11737425597261227
6041.0,0.058668678609943244,0.1173650400604672
6051.0,0.058667214249621825,0.11735585660492281
6061.0,0.05866575959572342,0.11734670544995154
6071.0,0.05866431457379593,0.11733758644050091
6081.0,0.05866287911000357,0.1173284994224866
6091.0,0.0586614531311216,0.1173194442427851
6101.0,0.058660036564531115,0.11731042074922676
6111.0,0.058658629338213794,0.11730142879058846
6121.0,0.058657231380746876,0.11729246821658694
6131.0,0.058655842621297916,0.11728353887787157
6141.0,0.05865446298961986,0.11727464062601776
6151.0,0.05865309241604595,0.11726577331351984
6161.0,0.05865173083148478,0.11725693679378447
6171.0,0.058650378167415446,0.11724813092112399
6181.0,0.058649034355882514,0.11723935555074953
6191.0,0.05864769932949136,0.11723061053876464
6201.0,0.05864637302140323,0.1172218957421586
6211.0,0.058645055365330566,0.1172132110188
6221.0,0.058643746295532255,0.11720455622743024
6231.0,0.058642445746808984,0.11719593122765723
6241.0,0.05864115365449862,0.11718733587994888
6251.0,0.058639869954471555,0.11717877004562706
6261.0,0.05863859458312623,0.1171702335868612
6271.0,0.05863732747738457,0.11716172636666208
6281.0,0.058636068574687554,0.11715324824887592
6291.0,0.05863481781299074,0.1171447990981779
6301.0,0.058633575130759896,0.11713637878006662
6311.0,0.058632340466966644,0.1171279871608577
6321.0,0.05863111376108413,0.11711962410767808
6331.0,0.05862989495308274,0.11711128948846004
6341.0,0.058628683983425876,0.11710298317193543
6351.0,0.05862748079306569,0.11709470502762975
6361.0,0.058626285323439054,0.11708645492585652
6371.0,0.058625097516463213,0.11707823273771163
6381.0,0.05862391731453188,0.11707003833506753
6391.0,0.05862274466051105,0.11706187159056758
6401.0,0.058621579497735034,0.11705373237762086
6411.0,0.05862042177000244,0.11704562057039623
6421.0,0.05861927142157221,0.11703753604381702
6431.0,0.05861812839715975,0.11702947867355572
6441.0,0.05861699264193293,0.1170214483360284
6451.0,0.058615864101508326,0.11701344490838947
6461.0,0.05861474272194736,0.11700546826852636
6471.0,0.05861362844975253,0.1169975182950543
6481.0,0.05861252123186361,0.116989594867311
6491.0,0.05861142101565394,0.1169816978653517
6501.0,0.058610327748926785,0.11697382716994366
6511.0,0.05860924137991162,0.11696598266256149
6521.0,0.05860816185726047,0.11695816422538186
6531.0,0.05860708913004439,0.11695037174127855
6541.0,0.05860602314774991,0.11694260509381739
6551.0,0.058604963860275396,0.11693486416725156
6561.0,0.058603911217927594,0.11692714884651641
6571.0,0.05860286517141823,0.1169194590172249
6581.0,0.058601825671860445,0.1169117945656625
6591.0,0.05860079267076549,0.11690415537878265
6601.0,0.058599766120039226,0.11689654134420188
6611.0,0.05859874597197888,0.11688895235019522
6621.0,0.05859773217926966,0.11688138828569143
6631.0,0.05859672469498145,0.11687384904026846
6641.0,0.058595723472565586,0.11686633450414881
6651.0,0.058594728465851564,0.116858844568195
6661.0,0.05859373962904387,0.11685137912390513
6671.0,0.05859275691671875,0.11684393806340816
6681.0,0.05859178028382112,0.1168365212794598
6691.0,0.058590809685661355,0.11682912866543782
6701.0,0.05858984507791225,0.11682176011533785
6711.0,0.05858888641660588,0.11681441552376895
6721.0,0.058587933658130656,0.11680709478594936
6731.0,0.05858698675922818,0.11679979779770215
6741.0,0.058586045676990314,0.1167925244554511
6751.0,0.05858511036885626,0.11678527465621638
6761.0,0.058584180792609436,0.11677804829761045
6771.0,0.058583256906374795,0.11677084527783387
6781.0,0.05858233866861573,0.11676366549567127
6791.0,0.058581426038131316,0.11675650885048722
6801.0,0.05858051897405343,0.11674937524222212
6811.0,0.05857961743584393,0.11674226457138841
6821.0,0.05857872138329185,0.11673517673906635
6831.0,0.058577830776510686,0.11672811164690014
6841.0,0.05857694557593555,0.11672106919709414
6851.0,0.058576065742320535,0.11671404929240879
6861.0,0.058575191236735984,0.11670705183615689
6871.0,0.05857432202056576,0.11670007673219969
6881.0,0.05857345805550469,0.11669312388494317
6891.0,0.058572599303555906,0.11668619319933422
6901.0,0.058571745727028154,0.11667928458085693
6911.0,0.05857089728853329,0.11667239793552882
6921.0,0.05857005395098373,0.11666553316989721
6931.0,0.058569215677589846,0.11665869019103567
6941.0,0.05856838243185751,0.11665186890654018
6951.0,0.058567554177585496,0.11664506922452571
6961.0,0.05856673087886315,0.11663829105362261
6971.0,0.058565912500067804,0.11663153430297303
6981.0,0.05856509900586243,0.11662479888222745
6991.0,0.05856429036119317,0.11661808470154118
7001.0,0.058563486531286985,0.1166113916715709
7011.0,0.058562687481649264,0.11660471970347132
7021.0,0.05856189317806148,0.11659806870889153
7031.0,0.058561103586578844,0.11659143859997195
7041.0,0.05856031867352804,0.11658482928934077
7051.0,0.05855953840550487,0.11657824069011063
7061.0,0.058558762749372016,0.11657167271587535
7071.0,0.05855799167225686,0.11656512528070676
7081.0,0.05855722514154907,0.11655859829915124
7091.0,0.0585564631248986,0.11655209168622681
7101.0,0.05855570559021337,0.11654560535741948
7111.0,0.058554952505657114,0.1165391392286805
7121.0,0.058554203839647205,0.11653269321642305
7131.0,0.058553459560852616,0.11652626723751904
7141.0,0.05855271963819167,0.11651986120929604
7151.0,0.05855198404083004,0.11651347504953438
7161.0,0.0585512527381786,0.1165071086764638
7171.0,0.05855052569989141,0.11650076200876068
7181.0,0.05854980289586363,0.11649443496554485
7191.0,0.058549084296229556,0.11648812746637673
7201.0,0.05854836987136054,0.11648183943125427
7211.0,0.05854765959186302,0.11647557078061013
7221.0,0.0585469534285765,0.11646932143530857
7231.0,0.058546251352571736,0.11646309131664284
7241.0,0.058545553335148603,0.11645688034633199
7251.0,0.05854485934783433,0.11645068844651825
7261.0,0.05854416936238146,0.11644451553976413
7271.0,0.058543483350766055,0.11643836154904957
7281.0,0.05854280128518581,0.11643222639776925
7291.0,0.058542123138058066,0.11642611000972963
7301.0,0.058541448882018184,0.11642001230914653
7311.0,0.05854077848991753,0.11641393322064211
7321.0,0.05854011193482174,0.11640787266924224
7331.0,0.05853944919000893,0.11640183058037393
7341.0,0.0585387902289679,0.11639580687986258
7351.0,0.058538135025396336,0.11638980149392936
7361.0,0.05853748355319912,0.11638381434918854
7371.0,0.05853683578648656,0.11637784537264499
7381.0,0.05853619169957266,0.11637189449169144
7391.0,0.05853555126697344,0.11636596163410612
7401.0,0.05853491446340522,0.11636004672804999
7411.0,0.05853428126378297,0.11635414970206456
7421.0,0.05853365164321861,0.11634827048506892
7431.0,0.05853302557701941,0.11634240900635762
7441.0,0.058532403040686326,0.11633656519559804
7451.0,0.05853178400991235,0.11633073898282803
7461.0,0.058531168460580985,0.1163249302984534
7471.0,0.05853055636876459,0.11631913907324552
7481.0,0.05852994771072279,0.11631336523833903
7491.0,0.058529342462900986,0.11630760872522926
7501.0,0.05852874060192872,0.1163018694657701
7511.0,0.058528142104618194,0.1162961473921715
7521.0,0.058527546947962736,0.11629044243699724
7531.0,0.058526955109135206,0.11628475453316249
7541.0,0.058526366565486654,0.11627908361393174
7551.0,0.05852578129454471,0.11627342961291634
7561.0,0.05852519927401215,0.11626779246407232
7571.0,0.05852462048176547,0.11626217210169815
7581.0,0.058524044895853305,0.11625656846043252
7591.0,0.05852347249449521,0.1162509814752521
7601.0,0.05852290325608005,0.11624541108146948
7611.0,0.05852233715916464,0.11623985721473074
7621.0,0.05852177418247244,0.11623431981101362
7631.0,0.058521214304891996,0.11622879880662511
7641.0,0.05852065750547577,0.11622329413819948
7651.0,0.058520103763438545,0.11621780574269619
7661.0,0.05851955305815628,0.11621233355739763
7671.0,0.05851900536916469,0.11620687751990716
7681.0,0.05851846067615784,0.11620143756814715
7691.0,0.058517918958986975,0.11619601364035673
7701.0,0.05851738019765912,0.11619060567508988
7711.0,0.05851684437233577,0.1161852136112134
7721.0,0.0585163114633317,0.11617983738790486
7731.0,0.05851578145111361,0.11617447694465073
7741.0,0.05851525431629885,0.11616913222124424
7751.0,0.058514730039654295,0.11616380315778366
7761.0,0.05851420860209494,0.11615848969467008
7771.0,0.058513689984682794,0.11615319177260565
7781.0,0.05851317416862562,0.11614790933259173
7791.0,0.058512661135275666,0.11614264231592672
7801.0,0.058512150866128584,0.11613739066420457
7811.0,0.05851164334282218,0.11613215431931251
7821.0,0.0585111385471352,0.11612693322342943
7831.0,0.058510636460986254,0.11612172731902407
7841.0,0.05851013706643255,0.11611653654885291
7851.0,0.05850964034566884,0.11611136085595876
7861.0,0.05850914628102624,0.11610620018366859
7871.0,0.05850865485497112,0.11610105447559191
7881.0,0.05850816605010394,0.11609592367561904
7891.0,0.05850767984915819,0.1160908077279192
7901.0,0.05850719623499928,0.1160857065769389
7911.0,0.05850671519062346,0.11608062016740005
7921.0,0.05850623669915668,0.11607554844429843
7931.0,0.058505760743853615,0.11607049135290183
7941.0,0.05850528730809652,0.11606544883874834
7951.0,0.0585048163753942,0.11606042084764474
7961.0,0.05850434792938102,0.11605540732566483
7971.0,0.05850388195381579,0.11605040821914768
7981.0,0.058503418432580764,0.11604542347469606
7991.0,0.05850295734968065,0.11604045303917479
8000.0,0.05850254444672467,0.11603599183763459
